CONVERSATION ID,CONVERSATION TITLE,FROM,SENDER PROFILE URL,TO,RECIPIENT PROFILE URLS,DATE,SUBJECT,CONTENT,FOLDER,ATTACHMENTS,IS MESSAGE DRAFT
conv-001,Knowledge Graph Discussion,Laura Cooper,https://www.linkedin.com/in/lauracooper,You,https://www.linkedin.com/in/you,2023-11-15 14:30:00 UTC,Knowledge Graph Discussion,"Hi! I saw your OpenSearch knowledge graph project on GitHub. We're implementing something similar at Salesforce for our customer data platform. Would you be open to a quick call to discuss your architecture decisions? Particularly interested in how you handle real-time indexing at scale.",INBOX,,No
conv-001,Knowledge Graph Discussion,You,https://www.linkedin.com/in/you,Laura Cooper,https://www.linkedin.com/in/lauracooper,2023-11-15 18:45:00 UTC,RE: Knowledge Graph Discussion,"Hi Laura! Absolutely, I'd be happy to discuss. Real-time indexing was one of our biggest challenges. We ended up using a hybrid approach with Kafka for streaming updates and batch reconciliation. Free for a call next Tuesday or Wednesday afternoon?",SENT,,No
conv-001,Knowledge Graph Discussion,Laura Cooper,https://www.linkedin.com/in/lauracooper,You,https://www.linkedin.com/in/you,2023-11-16 09:15:00 UTC,RE: Knowledge Graph Discussion,"Tuesday at 2pm works perfectly! I'll send a calendar invite. Really appreciate you taking the time. Your blog posts have been incredibly helpful for our team.",INBOX,,No
conv-002,GraphQL Federation Question,Matthew Jackson,https://www.linkedin.com/in/mjackson,You,https://www.linkedin.com/in/you,2022-03-10 10:20:00 UTC,GraphQL Federation Question,"Hey! Hope you're doing well at Meta. Quick question about the GraphQL federation setup you wrote about - how did you handle schema versioning across multiple services? We're running into some challenges with that at Microsoft.",INBOX,,No
conv-002,GraphQL Federation Question,You,https://www.linkedin.com/in/you,Matthew Jackson,https://www.linkedin.com/in/mjackson,2022-03-10 16:30:00 UTC,RE: GraphQL Federation Question,"Great to hear from you! For schema versioning we implemented a registry service that validates compatibility before deployment. Each service publishes its schema changes and we run automated compatibility checks. Happy to share more details - do you want to hop on a quick call?",SENT,,No
conv-003,Job Opportunity - Senior Engineer @ Stripe,Recruiter,https://www.linkedin.com/in/recruiter-stripe,You,https://www.linkedin.com/in/you,2023-08-22 11:00:00 UTC,Exciting opportunity at Stripe,"Hi! I came across your profile and was impressed by your work on distributed systems and knowledge graphs. We have a Senior Software Engineer position on our payments infrastructure team that I think would be a great fit. Would you be open to learning more?",INBOX,,No
conv-003,Job Opportunity - Senior Engineer @ Stripe,You,https://www.linkedin.com/in/you,Recruiter,https://www.linkedin.com/in/recruiter-stripe,2023-08-22 14:45:00 UTC,RE: Exciting opportunity at Stripe,"Thanks for reaching out! I'm currently very happy at Amazon, but I'm always interested in learning about innovative teams. Could you send over some details about the role and team structure?",SENT,,No
conv-004,TensorFlow Pipeline Advice,Nathan Diaz,https://www.linkedin.com/in/nathandiaz,You,https://www.linkedin.com/in/you,2019-05-18 09:30:00 UTC,TensorFlow Pipeline Advice,"Hey! Remember when we worked together on the ML pipelines at Google? I'm now at New Relic building similar infrastructure. Running into some issues with Kubeflow performance at scale. Any tips from your experience?",INBOX,,No
conv-004,TensorFlow Pipeline Advice,You,https://www.linkedin.com/in/you,Nathan Diaz,https://www.linkedin.com/in/nathandiaz,2019-05-18 15:20:00 UTC,RE: TensorFlow Pipeline Advice,"Of course! The key things we found were: 1) Use resource limits carefully to avoid OOM kills, 2) Implement proper pipeline caching to avoid redundant computation, 3) Monitor GPU utilization closely. I can send you some config examples if helpful. What scale are you targeting?",SENT,,No
conv-005,Conference Speaking Opportunity,Conference Organizer,https://www.linkedin.com/in/conf-organizer,You,https://www.linkedin.com/in/you,2023-06-05 13:00:00 UTC,Speaking at KubeCon 2024?,"Hello! We're organizing KubeCon 2024 and would love to have you speak about knowledge graphs and distributed systems. Your blog posts on OpenSearch have been very popular in the community. Would you be interested in submitting a talk proposal?",INBOX,,No
conv-005,Conference Speaking Opportunity,You,https://www.linkedin.com/in/you,Conference Organizer,https://www.linkedin.com/in/conf-organizer,2023-06-05 19:30:00 UTC,RE: Speaking at KubeCon 2024?,"I'd be honored! I have a few ideas for talks: 1) Building billion-scale knowledge graphs with OpenSearch, 2) Real-time graph traversal patterns, 3) Lessons learned from production graph systems. Which direction would fit best with the conference theme?",SENT,,No
conv-006,Mentorship Request,Tyler Smith,https://www.linkedin.com/in/tylersmith662,You,https://www.linkedin.com/in/you,2023-09-10 10:15:00 UTC,Mentorship Request,"Hi! I'm a senior platform engineer at Infosys working on graph databases. I've been following your work on knowledge graphs and would be incredibly grateful for any mentorship or guidance. I'm particularly interested in learning about distributed graph systems architecture. Would you be open to occasional coffee chats?",INBOX,,No
conv-006,Mentorship Request,You,https://www.linkedin.com/in/you,Tyler Smith,https://www.linkedin.com/in/tylersmith662,2023-09-10 18:00:00 UTC,RE: Mentorship Request,"Hi Tyler! I'd be happy to help however I can. I remember being in your shoes and benefiting from others' guidance. Let's start with a virtual coffee next week and see how I can be most helpful. What specific challenges are you facing with your graph systems?",SENT,,No
conv-007,Open Source Collaboration,Stephanie Young,https://www.linkedin.com/in/stephanieyoung,You,https://www.linkedin.com/in/you,2023-04-12 11:45:00 UTC,Open Source Collaboration,"Hey! Love the OpenSearch knowledge graph engine you open-sourced. At Snyk we're considering using it for our security vulnerability graph. Would you be open to collaborating on some security-focused features? We could contribute them back to the project.",INBOX,,No
conv-007,Open Source Collaboration,You,https://www.linkedin.com/in/you,Stephanie Young,https://www.linkedin.com/in/stephanieyoung,2023-04-12 16:20:00 UTC,RE: Open Source Collaboration,"That sounds fantastic! I'd love to see the engine used for security use cases. What specific features are you thinking about? Happy to discuss architecture and review PRs. Let's set up a time to chat about your requirements.",SENT,,No
conv-008,Job Opportunity - Staff Engineer @ Databricks,Tech Recruiter,https://www.linkedin.com/in/recruiter-databricks,You,https://www.linkedin.com/in/you,2023-10-30 14:00:00 UTC,Staff Engineer role at Databricks,"Hi! Your background in distributed systems and data processing is exactly what we're looking for. We're building the next generation of our data lakehouse platform and need someone with your expertise. Competitive comp, fully remote, and work on cutting-edge tech. Interested in chatting?",INBOX,,No
conv-009,Thanks for the recommendation!,Caroline Hernandez,https://www.linkedin.com/in/chernandez,You,https://www.linkedin.com/in/you,2019-01-05 09:00:00 UTC,Thanks for the recommendation!,"I just saw the recommendation you wrote for me - thank you so much! Your mentorship at Google meant the world to me and really shaped my career. I'm so grateful for all the time you invested in helping me grow as an engineer.",INBOX,,No
conv-009,Thanks for the recommendation!,You,https://www.linkedin.com/in/you,Caroline Hernandez,https://www.linkedin.com/in/chernandez,2019-01-05 13:30:00 UTC,RE: Thanks for the recommendation!,"You're very welcome! It was my pleasure to work with you. You're an incredibly talented engineer and it was rewarding to see you grow. Keep up the amazing work at New Relic!",SENT,,No
conv-010,Quick question on Kafka,Carlos Rogers,https://www.linkedin.com/in/carlos-rogers-14369938,You,https://www.linkedin.com/in/you,2022-07-20 15:30:00 UTC,Quick question on Kafka,"Hey! Saw your post about stream processing with Kafka. We're implementing something similar at Elastic. Quick question - how do you handle exactly-once semantics across multiple topics? Running into some edge cases.",INBOX,,No
conv-010,Quick question on Kafka,You,https://www.linkedin.com/in/you,Carlos Rogers,https://www.linkedin.com/in/carlos-rogers-14369938,2022-07-20 19:15:00 UTC,RE: Quick question on Kafka,"Great question! For exactly-once across topics we use transactional producers with idempotent writes. The key is using a transactional.id and enabling idempotence. Also important to handle zombie instances properly. I can share some code examples if that helps?",SENT,,No
