Title,Description,Url,Started On,Finished On
OpenSearch Knowledge Graph Engine,Open-source graph database engine built on OpenSearch. Supports Cypher queries and real-time graph traversal with distributed indexing. Used by companies processing billions of nodes. Features include: multi-graph queries; advanced semantic capabilities; Tinkerpop integration; REST and gRPC APIs.,https://github.com/opensearch-kg/engine,Jan 2022,
Real-time Analytics Platform,High-throughput analytics infrastructure processing 50M+ events/second. Built with Kafka and custom stream processing engines. Reduced API latency by 60% through intelligent caching and query batching. Deployed across 15 data centers globally.,https://github.com/meta-analytics/realtime,Mar 2019,Dec 2021
GraphQL Federation Gateway,Federated GraphQL implementation serving 2B+ daily active users. Intelligent query planning and distributed caching layer. Open-sourced core components used by 500+ companies. Reduces backend load by 70%.,https://github.com/graphql-fed/gateway,Jun 2020,Feb 2021
ML Pipeline Automation Framework,End-to-end ML pipeline framework using TensorFlow and Kubeflow. Automated testing achieving 98% code coverage. Handles 10TB+ daily data processing. Integrated with Google Cloud AI platform.,https://github.com/ml-pipes/framework,Jul 2016,Feb 2019
Azure DevOps Enhancement Suite,CI/CD automation tools for Azure DevOps serving 500K+ enterprise customers. Microservices architecture with .NET Core. Open-source contributions merged into core product. Database optimization reducing query time by 45%.,https://github.com/azure-devops/enhancements,Jan 2014,Jun 2016
iOS App Store SDK,Framework and SDK development for App Store infrastructure. Search and discovery features used by millions of developers. Caching strategies reducing API calls by 70%. Performance optimization for low-latency responses.,https://developer.apple.com/app-store-sdk,Aug 2011,Dec 2013
Netflix Personalization Engine,Content recommendation ML features and A/B testing framework. Real-time personalization experiments affecting millions of users. Microservices using Spring Boot and Docker. Monitoring dashboards for streaming health.,https://github.com/netflix/personalization,Jun 2009,Jul 2011
Creative Cloud Collaboration Tools,Real-time collaboration features for Adobe Creative Cloud using React and Node.js. Document synchronization across devices. RESTful APIs for asset management serving millions of creative professionals.,https://github.com/adobe/cc-collab,Jan 2007,May 2009
Network Monitoring Automation,Python-based network monitoring and automation tools for Cisco enterprise solutions. Automated testing and deployment scripts. Web dashboards for real-time network analytics. Learned distributed systems and networking protocols.,https://github.com/cisco-tools/monitor,Jun 2006,Dec 2006
