First Name,Last Name,Company,Job Title,Text,Creation Date,Status
Matthew,Jackson,Microsoft,Frontend Engineer,"I had the pleasure of working with you on the Azure DevOps team. Your expertise in microservices architecture and performance optimization was instrumental in our success. You reduced our query response times by 45% and always took time to mentor junior engineers. Your code reviews were thorough and educational. I learned so much from your approach to system design and clean code practices.",Jun 15 2016,VISIBLE
Laura,Cooper,Salesforce,Senior Staff Engineer,"Working alongside you at Meta was an incredible experience. Your work on the real-time analytics platform processing 50M+ events/second was groundbreaking. You have a rare combination of deep technical expertise and excellent communication skills. Your GraphQL federation architecture is now used by hundreds of companies. You're the kind of engineer every team wants.",Sep 8 2021,VISIBLE
Nathan,Diaz,New Relic,Engineering Manager,"Your leadership on the ML pipelines project at Google was outstanding. You didn't just build great software - you built a great team. Your automated testing framework achieving 98% coverage set a new standard for our organization. You have a unique ability to balance technical excellence with team development. I would work with you again in a heartbeat.",Jan 22 2019,VISIBLE
Caroline,Hernandez,New Relic,Software Engineer II,"You were my mentor during my time at Google and I can't thank you enough. Your patience in explaining complex distributed systems concepts and your willingness to pair program made all the difference in my growth as an engineer. The ML pipeline framework you built is still in production handling 10TB+ daily. You're a true technical leader.",Dec 10 2018,VISIBLE
Stephanie,Young,Snyk,Senior Staff Engineer,"I've rarely met someone with such deep knowledge of both software architecture and data systems. Your work on the knowledge graph engine at Amazon is truly impressive. You have an amazing ability to take complex problems and break them down into elegant solutions. Your technical blog posts have helped thousands of engineers. Keep sharing your knowledge!",Mar 30 2023,VISIBLE
Kyle,Myers,VMware,Backend Engineer,"Your contributions to the iOS framework development at Apple were exceptional. The caching strategies you implemented reduced API calls by 70% and improved the developer experience for millions. You have a keen eye for performance optimization and a deep understanding of what makes great APIs. It was an honor to work with you.",Oct 5 2013,VISIBLE
Jonathan,Wood,DataDog,Frontend Engineer,"Working with you at Netflix on the recommendation engine was a career highlight. Your A/B testing framework revolutionized how we approach personalization. You're not just a great engineer - you're a great teacher. Your explanations of machine learning concepts made complex topics accessible to the entire team. Your impact extends far beyond the code you write.",May 17 2011,VISIBLE
Carlos,Diaz,Oracle,Staff Engineer,"You're one of the most talented engineers I've worked with. Your work on the Creative Cloud collaboration features at Adobe set new standards for real-time synchronization. Your mastery of React and Node.js, combined with your understanding of distributed systems, made you invaluable to the team. You always delivered beyond expectations.",Apr 3 2009,VISIBLE
Rebecca,Edwards,MongoDB,Software Developer,"I was fortunate to intern under your guidance at Cisco. You taught me the fundamentals of network programming and distributed systems that shaped my entire career. Your Python automation tools are still being used years later. You have a gift for making complex topics understandable and for creating a supportive learning environment. Thank you!",Nov 12 2006,VISIBLE
Tyler,Smith,Infosys,Senior Platform Engineer,"Your technical depth is matched only by your kindness and willingness to help others. Your knowledge of graph databases and distributed systems is world-class. The OpenSearch knowledge graph engine you built is being used by companies around the globe. You're the kind of engineer who makes everyone around you better. Highly recommend!",Aug 20 2023,VISIBLE
